City,Country,Date,Lat,Lng,Max Temp,Humidity,Cloudiness,Wind Speed
Kahului,US,1569358502,20.89,-156.47,89.6,83,40,3.36
Codrington,AU,1569358503,-28.95,153.24,61,93,40,2.57
Ushuaia,AR,1569358503,-54.81,-68.31,51.8,70,20,32.21
Dikson,RU,1569358503,73.51,80.55,36.13,96,100,21.54
Touros,BR,1569358504,-5.2,-35.46,80.6,61,0,13.87
Thompson,CA,1569358504,55.74,-97.86,55.4,62,75,17.22
Rikitea,PF,1569358504,-23.12,-134.97,70.69,67,57,6.33
Nikolayevka,RU,1569358504,46.73,38.57,55.93,64,81,14.09
Evanston,US,1569358505,42.04,-87.69,81,50,1,14.99
Menongue,AO,1569358505,-14.66,17.68,65.47,16,0,5.17
Atuona,PF,1569358505,-9.8,-139.03,79.69,77,0,19.15
Butaritari,KI,1569358506,3.07,172.79,85.27,68,35,10.11
Hithadhoo,MV,1569358506,-0.6,73.08,79.87,81,100,21.21
Port Elizabeth,US,1569358506,39.31,-74.98,80.6,47,1,5.82
Villamontes,BO,1569358507,-21.26,-63.47,91.4,31,57,5.82
New Norfolk,AU,1569358507,-42.78,147.06,46.99,81,20,6.93
Gizo,IL,1569358507,31.8,34.94,77,65,0,3.36
Coahuayana,MX,1569358508,18.62,-100.35,86.53,66,31,1.74
Chumikan,RU,1569358508,54.72,135.31,30.37,72,0,10.42
Tiksi,RU,1569358508,71.64,128.87,32.89,85,100,8.84
Sola,TZ,1569358509,-3.17,33.8,75.19,58,74,3.2
Dakar,SN,1569358475,14.69,-17.45,84.2,88,15,3.36
Castro,CL,1569358509,-42.48,-73.76,60.8,77,0,8.05
Mataura,NZ,1569358509,-46.19,168.86,43,80,100,11.99
Hobart,AU,1569358510,-42.88,147.33,46.99,81,20,6.93
Albany,US,1569358424,42.65,-73.75,69.01,82,90,5.82
Bluff,AU,1569358510,-23.58,149.07,65.83,85,83,8.79
Sao Filipe,CV,1569358510,14.9,-24.5,81.31,81,100,2.68
Punta Arenas,CL,1569358511,-53.16,-70.91,53.6,50,40,25.28
Kochubey,RU,1569358511,44.39,46.54,60.79,85,88,7.11
Caravelas,BR,1569358511,-17.73,-39.27,71.05,72,22,12.5
Gunnedah,AU,1569358512,-30.98,150.25,44.01,64,40,4.7
Barrow,AR,1569358512,-38.31,-60.23,65.65,61,0,8.01
Tapiramuta,BR,1569358512,-11.85,-40.79,69.61,72,26,7.45
Batie,FR,1569358513,45.06,5.82,62.01,93,48,5.82
Margate,AU,1569358513,-43.03,147.26,46.99,81,20,6.93
Ancud,CL,1569358513,-41.87,-73.83,60.8,77,0,8.05
Lata,IN,1569358514,30.78,78.62,34.69,93,1,1.83
Ribeira Grande,PT,1569358514,38.52,-28.7,68,72,20,5.82
Port Alfred,ZA,1569358514,-33.59,26.89,60.01,64,58,4
Muncar,ID,1569358514,-8.43,114.34,69.61,97,29,3.06
Standerton,ZA,1569358515,-26.94,29.24,48.99,85,52,5.99
Tuktoyaktuk,CA,1569358515,69.44,-133.03,39.2,86,75,6.93
East London,ZA,1569358515,-33.02,27.91,53.59,74,96,2.3
Langsa,ID,1569358515,4.47,97.97,67.63,89,57,3.11
San-Pedro,CI,1569358516,4.75,-6.64,72.49,99,100,3.33
Hasaki,JP,1569358516,35.73,140.83,69.8,88,75,10.29
Busselton,AU,1569358516,-33.64,115.35,57,74,74,15.79
Avera,US,1569358517,33.19,-82.53,96.8,36,40,6.93
Makakilo City,US,1569358517,21.35,-158.09,86,58,40,10.29
Hermanus,ZA,1569358517,-34.42,19.24,62.01,80,0,14
Mount Gambier,AU,1569358517,-37.83,140.78,42.8,100,75,4.7
Mar del Plata,AR,1569358428,-46.43,-67.52,68.53,27,0,12.37
Faya,SA,1569358518,18.39,42.45,75.2,68,0,4.7
Padang,ID,1569358518,-0.92,100.36,78.79,86,100,15.46
Inhambane,MZ,1569358519,-23.87,35.38,66.73,77,89,7.94
Esperance,AU,1569358519,-33.86,121.89,57.2,44,99,14.99
Miraflores,PE,1569358520,-16.39,-71.52,69.8,16,0,9.17
Sinnamary,GF,1569358520,5.38,-52.96,82.21,79,71,12.01
Kapaa,US,1569358520,22.08,-159.32,84.2,70,40,11.41
Vaini,IN,1569358521,15.34,74.49,75.01,97,100,2.44
Eyl,SO,1569358521,7.98,49.82,74.65,74,100,16.04
Togur,RU,1569358521,58.36,82.83,40.81,88,99,8.28
Hirara,JP,1569358522,24.8,125.28,76.81,78,13,16.84
Norman Wells,CA,1569358522,65.28,-126.83,46.4,65,40,10.29
Kaitangata,NZ,1569358522,-46.28,169.85,39,78,100,5.99
Jamestown,AU,1569358396,-33.21,138.6,44.23,87,0,9.04
Hilo,US,1569358523,19.71,-155.08,84.2,62,90,10.29
Nabire,ID,1569358523,-3.36,135.5,70.51,98,100,3.09
Alofi,NU,1569358524,-19.06,-169.92,73.4,64,75,10.29
Saint-Philippe,CA,1569358524,45.36,-73.48,62.6,67,90,9.17
Troitskoye,RU,1569358524,52.98,84.68,47.47,72,30,3.47
Vardo,US,1569358525,39.62,-77.74,78.01,41,75,6.93
Coihaique,CL,1569358525,-45.58,-72.07,57.2,67,75,5.82
Vrede,ZA,1569358525,-27.43,29.16,46.57,75,94,11.95
Torbay,CA,1569358525,47.66,-52.73,48,87,90,16.11
Bredasdorp,ZA,1569358526,-34.53,20.04,59,67,58,16.11
Lebu,ET,1569358526,8.96,38.73,55.93,89,90,3.49
Zaltan,LY,1569358526,32.95,11.87,76.99,80,95,8.41
Kushiro,JP,1569358526,43.11,144.15,50.17,66,0,11.52
Buala,SB,1569358526,-8.15,159.59,77.53,84,100,4.38
Petropavlovsk-Kamchatskiy,RU,1569358406,53.05,158.65,50,100,90,15.66
Qaanaaq,GL,1569358527,77.48,-69.36,22.63,85,80,6.29
Truth or Consequences,US,1569358527,33.13,-107.25,73.99,45,63,5.99
Bethel,US,1569358436,60.79,-161.76,44.6,87,90,12.75
Luyang,CN,1569358528,31.88,117.26,68,68,0,1.77
Tocopilla,CL,1569358529,-22.09,-70.2,56.83,88,93,8.59
Kodiak,US,1569358529,39.95,-94.76,84,69,40,13.87
Kuryk,KZ,1569358529,43.18,51.68,63.13,50,100,6.24
Puerto Ayora,EC,1569358530,-0.74,-90.35,78.8,61,40,14.99
Guerrero Negro,MX,1569358530,27.97,-114.04,69.79,83,1,10.27
Surman,LY,1569358530,32.76,12.57,77.53,83,93,11.61
Laguna,BZ,1569358530,16.17,-88.94,91.4,59,20,6.93
Mandalgovi,MN,1569358531,45.76,106.27,55.93,29,16,6.76
Kruisfontein,ZA,1569358531,-34,24.73,48.37,84,1,6.6
Longonjo,AO,1569358531,-12.91,15.25,58.09,88,30,3.51
Saskylakh,RU,1569358531,71.97,114.09,35.95,94,100,7.34
Hambantota,LK,1569358532,6.12,81.12,80.41,81,100,12.35
Chara,GR,1569358532,39.42,22.43,66.2,93,75,2.73
Port Macquarie,AU,1569358533,-31.43,152.91,53.01,100,1,1.12
Beloha,MG,1569358533,-25.17,45.06,69.07,80,84,9.19
Georgetown,GY,1569358264,6.8,-58.16,89.6,70,75,11.41
Tomatlan,MX,1569358533,19.93,-105.25,83.65,82,99,10.71
Svetlogorsk,RU,1569358533,53.14,59.15,32,78,75,13.42
Pumiao,CN,1569358534,22.75,108.49,68,94,1,2.24
Upernavik,GL,1569358534,72.79,-56.15,33.25,94,100,5.39
Vao,EE,1569358535,59.1,26.19,41.89,78,97,4.92
Maragogi,BR,1569358330,-9.01,-35.22,71.23,86,10,4.83
Kenai,US,1569358535,60.55,-151.26,53.01,76,75,5.82
Bowen,AU,1569358536,-20.01,148.25,66.2,88,40,8.05
Aksu,KZ,1569358536,52.04,76.93,33.8,80,0,4.47
Phuket,TH,1569358536,7.89,98.4,77,88,20,1.12
Skibbereen,IE,1569358536,51.55,-9.27,57.2,100,75,13.87
Namibe,AO,1569358537,-15.19,12.15,69.07,91,100,5.59
Saint George,GR,1569358537,39.45,22.34,66.2,93,75,2.73
Vestmannaeyjar,IS,1569358537,63.44,-20.27,50.35,91,84,23.6
Salalah,OM,1569358416,17.01,54.1,80.6,83,75,6.93
Ostrovnoy,RU,1569358538,68.05,39.51,37.57,80,100,13.96
Bambanglipuro,ID,1569358538,-7.95,110.28,74.83,89,20,13.38
Tandil,AR,1569358538,-37.33,-59.14,80.01,30,0,1.99
Havre-Saint-Pierre,CA,1569358538,50.23,-63.6,50,71,20,9.17
Paratebueno,CO,1569358539,4.38,-73.21,82.4,69,75,5.82
Liepaja,LV,1569358539,56.52,21.02,44.6,70,44,5.82
Avarua,CK,1569358290,-21.21,-159.78,73.4,60,0,10.29
Yar-Sale,RU,1569358539,66.83,70.83,35.77,86,91,18.66
Dunedin,NZ,1569358540,-45.87,170.5,48.99,57,100,11.01
Kaka,TM,1569358540,37.35,59.62,63.49,29,0,4.54
Palmas,BR,1569358487,-10.18,-48.33,96.8,22,0,3.36
Nanortalik,GL,1569358541,60.14,-45.24,42.97,78,82,0.29
Katsuura,JP,1569358541,33.93,134.5,68,77,40,9.17
Rawson,AR,1569358541,-43.3,-65.11,69.43,35,30,6.8
Luderitz,NA,1569358542,-26.65,15.16,87.8,10,0,10.29
Najran,SA,1569358542,17.54,44.22,78.8,26,0,2.17
Posse,BR,1569358542,-14.08,-46.36,86.17,27,44,4.99
Victoria,BN,1569358407,5.28,115.24,84.2,62,75,11.41
Goderich,CA,1569358543,43.74,-81.71,70,57,0,8.99
Roald,NO,1569358543,62.58,6.12,53.6,87,75,5.82
Chimbote,PE,1569358543,-9.08,-78.59,61.51,93,93,12.08
Lincoln,GB,1569358543,53.23,-0.54,60.01,93,75,8.05
Vila Velha,BR,1569358544,-3.71,-38.6,82.4,65,0,13.87
Faanui,PF,1569358544,-16.48,-151.75,79.87,76,17,19.69
Boralday,KZ,1569358544,43.36,76.86,57.2,62,40,3.6
Yellowknife,CA,1569358545,62.45,-114.38,46.4,61,20,14.99
Cape Town,ZA,1569358545,-33.93,18.42,64,59,0,5.82
Palestina,CO,1569358545,1.72,-76.13,66.73,84,34,3.29
Lompoc,US,1569358546,34.64,-120.46,102.99,10,1,17.22
Cabo San Lucas,MX,1569358334,22.89,-109.91,91.99,66,5,14.99
Riyadh,SA,1569358546,24.63,46.72,89.6,24,0,4.7
Vila do Maio,CV,1569358546,15.13,-23.22,79.69,87,100,6.67
Slonim,BY,1569358546,53.09,25.32,39.55,70,0,8.16
Khatanga,RU,1569358547,71.98,102.47,34.33,78,35,11.72
Takoradi,GH,1569358335,4.89,-1.75,74.29,95,45,5.06
Fairbanks,US,1569358481,64.84,-147.72,42.01,57,40,1.54
Ulaanbaatar,MN,1569358457,47.92,106.92,39.2,64,0,1.03
Varhaug,NO,1569358547,58.61,5.65,57.2,67,90,3.36
Zhigansk,RU,1569358548,66.77,123.37,34.87,81,100,6.55
Nikolskoye,RU,1569358548,59.7,30.79,41,69,0,6.71
Felanitx,ES,1569358548,39.47,3.15,75.2,83,20,9.17
Vitim,RU,1569358549,59.44,112.57,40.63,85,73,3.36
Mahebourg,MU,1569358549,-20.41,57.7,73.4,88,20,11.41
Warrensburg,US,1569358549,38.76,-93.74,81,65,40,10.29
Abha,SA,1569358550,18.22,42.5,75.2,68,0,4.7
Valparaiso,US,1569358550,41.47,-87.06,80.6,53,75,13.87
Umuarama,BR,1569358550,-23.76,-53.31,80.05,54,77,1.34
Shiyan,CN,1569358551,32.65,110.78,59.53,71,100,4.29
Kedzierzyn-Kozle,PL,1569358551,50.35,18.23,52,93,20,2.24
Cervo,BR,1569358551,-22.19,-46.24,73.4,56,40,5.03
Clyde River,CA,1569358551,70.47,-68.59,37.4,74,1,3.36
Beian,NO,1569358552,63.66,9.57,53.01,81,0,9.17
Luba,PH,1569358552,17.32,120.7,72.13,85,0,4.34
Chico,US,1569358552,39.73,-121.84,93.2,14,5,19.46
Baykit,RU,1569358553,61.68,96.39,37.03,96,4,7.67
Northam,AU,1569358553,-31.65,116.67,50,93,75,4.7
Eureka,US,1569358553,40.8,-124.16,81,60,1,17.22
Lagoa,PT,1569358553,37.14,-8.45,75.2,73,0,13.87
Mitsamiouli,KM,1569358554,-11.38,43.28,78.79,76,6,17.69
Jardim,BR,1569358554,-21.48,-56.15,89.95,31,94,7.65
Lorengau,PG,1569358554,-2.02,147.27,79.87,82,79,7.85
Fonte Boa,BR,1569358555,-2.51,-66.09,89.41,57,100,1.59
Axim,GH,1569358555,4.87,-2.24,76.45,92,68,9.71
Nouadhibou,MR,1569358556,20.93,-17.03,69.8,83,0,20.8
Grand Gaube,MU,1569358556,-20.01,57.66,73.4,88,20,11.41
Narsaq,GL,1569358557,60.91,-46.05,51.8,40,93,4.7
Batagay-Alyta,RU,1569358557,67.8,130.41,18.13,92,100,1.86
Mazagao,BR,1569358557,-0.12,-51.29,91.4,55,40,13.87
Vila Franca do Campo,PT,1569358558,37.72,-25.43,71.01,77,20,2.24
Taltal,CL,1569358558,-25.41,-70.49,56.29,76,99,6.62
Constitucion,MX,1569358558,23.99,-104.67,75.99,43,40,5.82
Tres Arroyos,AR,1569358559,-38.38,-60.28,65.65,61,0,8.01
Juneau,US,1569358559,58.3,-134.42,51.8,93,90,9.17
Digby,CA,1569358559,44.62,-65.76,64,1,100,3
New Amsterdam,GY,1569358264,6.25,-57.52,82.75,73,100,5.95
Fareham,GB,1569358560,50.85,-1.18,61,87,75,10.29
Ponta do Sol,BR,1569358560,-20.63,-46,68.71,75,51,3.71
Flin Flon,CA,1569358560,54.77,-101.88,57.2,50,75,12.75
Bambous Virieux,MU,1569358561,-20.34,57.76,73.4,88,20,11.41
Natchitoches,US,1569358561,31.76,-93.09,93.99,52,90,4.7
Daru,PG,1569358561,-9.07,143.21,74.29,88,66,6.8
Liverpool,GB,1569358562,53.41,-2.98,60.01,93,75,5.82
San Patricio,PY,1569358562,-26.98,-56.83,76.81,61,23,7.83
Gravdal,NO,1569358562,59.79,5.78,57.2,67,75,6.93
Kimbe,PG,1569358563,-5.56,150.15,75.73,87,83,1.9
Bajil,ES,1569358563,38.23,-2.07,61.51,51,0,5.03
San Jeronimo,PE,1569358563,-13.65,-73.37,63.31,50,33,10.18
Husum,DE,1569358563,54.49,9.05,59,93,99,4.7
Perth,AU,1569358371,-31.95,115.86,54,100,75,6.93
West Wendover,US,1569358564,40.74,-114.07,73.4,28,1,12.75
Nome,US,1569358564,30.04,-94.42,90,46,40,10.29
Biscarrosse,FR,1569358564,44.41,-1.18,66.99,72,0,5.82
Husavik,CA,1569358564,50.56,-96.99,68,42,63,5.99
Pachino,IT,1569358565,36.72,15.09,68,56,0,3.36
Iquique,CL,1569358565,-20.22,-70.14,62.6,67,75,10.29
Akureyri,IS,1569358566,65.68,-18.09,55.4,71,40,13.87
Aleksandrov Gay,RU,1569358566,50.14,48.57,45.67,50,100,5.28
Qazvin,IR,1569358567,36.28,50.01,55.4,76,0,4.63
Port Said,EG,1569358567,25.34,30.55,76.81,30,0,8.32
Klaksvik,FO,1569358567,62.23,-6.59,51.8,100,100,24.16
Fortuna,US,1569358567,40.6,-124.16,86,60,1,17.22
Borogontsy,RU,1569358568,62.67,131.17,28.21,89,38,4.54
Surgut,RU,1569358568,61.25,73.4,39.2,89,0,11.18
De Aar,ZA,1569358568,-30.65,24.01,47.47,72,0,23.26
Dubki,RU,1569358569,43.02,46.84,59,82,85,6.71
Pevek,RU,1569358569,69.7,170.27,33.43,96,100,12.37
Balkanabat,TM,1569358569,39.51,54.36,73.57,29,0,2.17
Provideniya,RU,1569358569,64.42,-173.23,41,94,75,6.71
Aswan,EG,1569358570,24.09,32.9,87.8,20,0,9.17
Ilulissat,GL,1569358411,69.22,-51.1,37.4,86,75,3.36
Matagami,NG,1569358570,9.67,8.4,71.77,92,100,4.74
Pangnirtung,CA,1569358571,66.15,-65.72,39.2,93,90,11.41
Richards Bay,ZA,1569358571,-28.77,32.06,66.37,76,33,33.6
Morondava,MG,1569358571,-20.3,44.28,76.63,74,0,23.35
Mirnyy,RU,1569358572,56.57,36.46,32.17,92,20,3.98
Cherskiy,RU,1569358572,68.75,161.3,28.75,77,0,5.61
Ust-Kuyga,RU,1569358573,70,135.55,32.53,97,100,5.23
Isangel,VU,1569358573,-19.55,169.27,72.85,74,100,21.36
Chokurdakh,RU,1569358573,70.62,147.9,24.25,82,0,6.69
Suntar,RU,1569358573,62.16,117.65,36.85,91,84,1.5
Ponta Pora,BR,1569358574,-22.54,-55.73,80.6,44,0,8.05
Cairns,AU,1569358574,-16.92,145.77,73.4,73,90,8.05
Praia,BR,1569358574,-20.25,-43.81,80.6,41,75,8.05
Hofn,IS,1569358575,64.25,-15.21,39.73,99,100,4.88
Dawei,MM,1569358575,14.07,98.19,79.87,75,96,14.05
Swinford,IE,1569358575,53.94,-8.95,59,95,29,3.27
Kavieng,PG,1569358575,-2.57,150.8,83.83,70,100,8.41
Udachnyy,RU,1569358576,66.42,112.4,33.8,100,90,4.47
Cidreira,BR,1569358576,-30.17,-50.22,62.59,78,0,8.43
Anadyr,RU,1569358576,64.73,177.51,30.2,92,20,6.71
Maceio,BR,1569358577,-9.67,-35.74,78.8,61,0,11.41
Airai,TL,1569358577,-8.93,125.41,69.43,80,88,4.27
Auki,NG,1569358577,12.18,6.51,80.95,50,14,6.91
Tagbac,PH,1569358577,7.09,125.16,75.2,94,40,2.24
Meulaboh,ID,1569358578,4.14,96.13,80.05,81,100,6.67
Dwarka,IN,1569358578,28.58,77.04,84,88,40,4.7
Goiania,BR,1569358364,-16.68,-49.25,93.2,28,0,4.7
Mokhsogollokh,RU,1569358578,61.4,128.95,29.47,94,95,4.88
Ouegoa,NC,1569358579,-20.34,164.44,71.23,71,100,14.34
Tuatapere,NZ,1569358579,-46.13,167.69,43,80,67,11.99
Dalby,AU,1569358579,-27.18,151.26,57.99,73,85,5.61
Komsomolskiy,RU,1569358580,67.55,63.78,33.97,96,100,15.68
Havre,US,1569358580,48.55,-109.68,68,34,75,19.46
Mandali,IQ,1569358580,33.75,45.55,84.01,16,0,8.32
Necochea,AR,1569358581,-38.55,-58.74,68,38,0,1.01
Tambun,ID,1569358581,-6.26,107.07,79,78,20,3.36
Tecoanapa,MX,1569358582,16.99,-99.26,84.2,79,90,3.36
Aklavik,CA,1569358582,68.22,-135.01,44.6,70,40,2.24
Nicoya,CR,1569358399,10.15,-85.45,80.6,88,75,2.24
Nizhniy Kuranakh,RU,1569358582,58.84,125.49,30.91,84,100,2.73
Yulara,AU,1569358583,-25.24,130.99,46.4,93,50,5.82
Neyshabur,IR,1569358583,36.21,58.79,57.91,40,0,2.24
Wanning,AT,1569358583,48.64,13.53,57.99,93,0,3.36
General Roca,AR,1569358532,-39.03,-67.58,84.2,17,0,5.82
Broome,GB,1569358584,52.47,1.45,60.01,100,20,4.7
Kirakira,SB,1569358584,-10.46,161.92,76.45,90,100,14.9
Souillac,FR,1569358585,45.6,-0.6,64.99,82,0,10.29
Pacific Grove,US,1569358430,36.62,-121.92,93.99,18,1,4.7
Jawhar,IN,1569358585,19.91,73.23,75.55,92,98,4.05
Pisco,PE,1569358585,-13.71,-76.2,71.6,30,0,10.29
Fort Frances,CA,1569358586,48.61,-93.4,64.4,77,20,5.82
Santa Maria da Vitoria,BR,1569358586,-13.39,-44.19,82.57,32,17,5.3
Virginia Beach,US,1569358587,36.85,-75.98,84.99,45,1,3.36
Vanimo,PG,1569358587,-2.67,141.3,81.31,78,99,5.48
Shawnee,US,1569358587,35.33,-96.93,87.01,55,40,8.05
Chuy,UY,1569358587,-33.69,-53.46,58.09,80,0,8.39
Ahipara,NZ,1569358588,-35.17,173.16,57.99,100,34,26.78
Devarkonda,IN,1569358588,16.69,78.91,75.19,92,100,2.59
Kasongo-Lunda,CD,1569358588,-6.48,16.82,71.59,90,100,4.36
Sitka,US,1569358588,37.17,-99.65,91.99,48,53,13
Half Moon Bay,US,1569358557,37.46,-122.43,93.99,25,1,10.63
Ketchikan,US,1569358589,55.34,-131.65,57.2,87,75,17.22
Los Llanos de Aridane,ES,1569358325,28.66,-17.92,73.4,69,75,10.29
Yamada,JP,1569358589,36.58,137.08,62.6,93,20,2.24
Quzhou,CN,1569358589,28.97,118.86,57.91,74,8,0.98
Tasiilaq,GL,1569358590,65.61,-37.64,42.8,93,100,5.19
Sobolevo,RU,1569358590,54.43,31.9,35.23,83,0,0.89
Cacequi,BR,1569358590,-29.88,-54.83,67.99,64,34,5.77
Sur,OM,1569358591,22.57,59.53,78.07,83,13,3.87
Milkovo,BG,1569358591,41.53,24.68,66.2,93,90,4.7
Vigrestad,NO,1569358591,58.57,5.7,57.2,67,90,3.36
Pochutla,MX,1569358592,15.74,-96.47,89.01,66,75,13.87
Namatanai,PG,1569358592,-3.66,152.44,78.97,85,100,8.3
Sorland,NO,1569358592,67.67,12.69,37.4,93,0,3.36
Green River,US,1569358482,41.53,-109.47,69.01,24,1,21.92
Portland,US,1569358024,43.66,-70.25,72,88,90,6.06
Tabuk,PH,1569358593,17.41,121.44,60.61,90,0,5.08
Nkoteng,CM,1569358593,4.5,12.12,69.97,98,100,7.61
San Cristobal,HN,1569358593,14.68,-86.92,84.37,58,51,1.32
Sao Joao da Barra,BR,1569358594,-21.64,-41.05,73.4,53,0,13.87
Adrar,DZ,1569358594,27.87,-0.29,96.8,9,0,9.17
Nantucket,US,1569358594,41.28,-70.1,75.2,77,1,14.99
Bela,PK,1569358595,26.23,66.31,82.39,64,0,2.89
Westport,US,1569358313,41.14,-73.36,77,43,75,18.34
Arraial do Cabo,BR,1569358595,-22.97,-42.02,69.8,52,75,17.22
Port Blair,IN,1569358383,11.67,92.75,81.49,76,100,7.34
Seoul,KR,1569358428,37.57,126.98,57.2,100,90,1.12
Kralendijk,BQ,1569358596,12.15,-68.27,89.6,62,0,5.82
Marseille,FR,1569358597,43.3,5.37,71.6,60,0,2.24
Ati,TD,1569358597,13.21,18.34,89.05,41,53,4.03
Montepuez,MZ,1569358597,-13.13,39,70.69,72,0,6.38
Sal Rei,CV,1569358597,16.18,-22.92,78.61,85,100,13.65
Cartagena,ES,1569358598,37.63,-1,78.01,83,1,5.82
Kizema,RU,1569358598,61.11,44.83,35.77,98,100,5.28
Wajima,JP,1569358598,37.4,136.9,71.59,61,0,10.85
Pansoy,PH,1569358598,13.18,122.6,82.03,80,42,11.05
Yumen,CN,1569358599,40.29,97.04,59.89,23,0,9.55
Lichinga,MZ,1569358599,-13.3,35.25,73.93,37,0,2.75
Kiama,AU,1569358599,-34.67,150.86,54,71,75,8.05
Bubaque,GW,1569358600,11.28,-15.83,81.85,83,91,14.99
Severo-Kurilsk,RU,1569358600,50.68,156.12,49.63,84,100,24.85
Chok Chai,TH,1569358600,14.73,102.17,75.99,63,20,6.46
Hamilton,CA,1569358328,43.26,-79.87,73,49,75,13.87
Baherden,TM,1569358601,38.44,57.43,60.43,37,0,4.05
Neiafu,TO,1569358601,-18.65,-173.98,77,57,20,5.82
Carnarvon,ZA,1569358601,-30.97,22.13,48.01,74,0,21
Lodja,CD,1569358602,-3.52,23.6,71.05,97,100,1.3
Bonavista,CA,1569358602,48.65,-53.11,46,83,14,8.99
Henties Bay,NA,1569358602,-22.12,14.28,60.01,92,100,1.01
Cape Canaveral,US,1569358603,28.41,-80.6,89.6,55,1,8.05
Puerto Escondido,MX,1569358603,15.86,-97.07,82.4,74,75,5.82
Comodoro Rivadavia,AR,1569358603,-45.87,-67.48,78.8,27,75,18.34
Iqaluit,CA,1569358603,63.75,-68.52,37.4,67,40,5.82
Kristianstad,SE,1569358604,56.03,14.16,55.4,93,100,8.05
Talnakh,RU,1569358604,69.49,88.39,32,95,90,6.71
Rio Grande,BR,1569358604,-32.03,-52.1,69.8,52,0,6.93
Cockburn Town,TC,1569358453,21.46,-71.14,80.77,80,100,9.91
Khani,GE,1569358605,41.96,42.96,59,93,75,5.82
Mwinilunga,ZM,1569358605,-11.73,24.43,66.19,28,24,4.83
Sisimiut,GL,1569358605,66.94,-53.67,39.37,85,0,20.98
Muli,CN,1569358606,28.08,109.56,66.37,49,98,2.48
Jalingo,NG,1569358606,10.3,10.93,78.07,75,92,8.23
Sirpur,IN,1569358606,18.94,78.68,74.47,93,100,2.19
Eston,CA,1569358606,51.15,-108.75,62.01,41,75,28.86
Ha Giang,VN,1569358607,22.83,104.99,58.99,82,72,2.04
Elesbao Veloso,BR,1569358607,-6.2,-42.14,81.67,52,81,5.28
Seymchan,RU,1569358607,62.93,152.39,26.23,57,100,17.72
Hutchinson,US,1569358608,38.06,-97.93,90,52,20,18.34
Iki-Burul,RU,1569358608,45.82,44.65,44.6,87,78,13.42
Chapleau,CA,1569358608,47.85,-83.4,66.2,55,40,9.17
Canakkale,TR,1569358608,40.15,26.41,62.6,93,75,2.24
Hobyo,SO,1569358609,5.35,48.53,76.45,82,27,26.31
Nuuk,GL,1569358609,64.17,-51.74,41,86,75,13.87
Manado,ID,1569358610,1.49,124.85,73.4,83,20,1.12
Vestmanna,FO,1569358610,62.16,-7.17,51.8,100,100,24.16
Yenagoa,NG,1569358611,4.92,6.26,76.63,90,100,0.96
Bocas del Toro,PA,1569358611,9.33,-82.25,55.99,92,100,1.99
The Valley,AI,1569358611,18.22,-63.06,84,78,20,20.8
Eitorf,DE,1569358611,50.77,7.45,57.99,93,75,6.93
Mareeba,AU,1569358612,-16.99,145.42,73.4,73,90,8.05
Kutum,SD,1569358612,14.2,24.66,82.75,37,84,2.39
Viedma,AR,1569358612,-40.81,-62.99,70.51,34,0,13.76
Beyneu,KZ,1569358612,45.32,55.19,53.23,57,24,7.45
Cananea,MX,1569358613,30.98,-110.3,60.01,100,90,5.82
Tevaitoa,PF,1569358613,-16.78,-151.5,79.51,78,31,19.01
Bathsheba,BB,1569358493,13.22,-59.52,87.8,70,20,11.41
Srednekolymsk,RU,1569358614,67.46,153.71,26.59,81,0,7.14
Rusape,ZW,1569358614,-18.53,32.12,55.21,94,24,5.97
Yakeshi,CN,1569358614,49.28,120.73,43.69,63,0,3.2
Aldan,RU,1569358615,58.61,125.39,30.91,84,100,2.73
Tezu,IN,1569358615,27.93,96.16,66.19,81,17,2.73
Fort-Shevchenko,KZ,1569358615,44.51,50.26,64.57,65,97,15.99
Novikovo,RU,1569358615,51.15,37.89,37.39,72,33,3.42
Pingyin,CN,1569358616,36.28,116.45,64.57,51,100,2.19
Palora,EC,1569358616,-1.7,-77.97,73.4,69,75,5.82
Mae Sot,MM,1569358616,16.71,98.57,68.17,96,69,1.74
Denpasar,ID,1569358556,-8.65,115.22,78.8,94,75,8.05
Ternate,PH,1569358617,14.29,120.72,78.8,88,20,8.05
Qaqortoq,GL,1569358617,60.72,-46.03,51.8,40,93,4.7
Boditi,ET,1569358618,6.95,37.86,64.93,91,100,1.88
Moron,HT,1569358618,18.56,-74.26,77.35,91,100,4.18
Mayo,CA,1569358618,63.59,-135.9,35.6,93,40,4.7
Ugoofaaru,MV,1569358618,5.67,73,81.13,80,100,16.73
Jaynagar-Majilpur,IN,1569358587,22.18,88.42,75.2,94,75,3.36
Garissa,KE,1569358619,-0.46,39.64,76.09,59,0,16.71
Haines Junction,CA,1569358619,60.75,-137.51,43.33,59,7,7.14
Tuxpan,MX,1569358620,19.56,-103.38,73.03,82,30,4.88
Manacapuru,BR,1569358620,-3.3,-60.62,91.4,52,20,3.36
Pyapon,MM,1569358620,16.29,95.68,76.45,81,100,3.42
Kurmanayevka,RU,1569358621,52.51,52.07,37.39,74,100,6.29
La Ronge,CA,1569358621,55.1,-105.3,51.8,66,75,16.11
Camacha,PT,1569358621,33.08,-16.33,73.4,83,40,8.05
Port Lincoln,AU,1569358621,-34.72,135.86,54.49,78,0,13.18
Remedios,CO,1569358622,7.03,-74.7,73.57,82,70,4.92
Mossendjo,CG,1569358622,-2.95,12.72,74.65,88,100,4.68
Havoysund,NO,1569358622,71,24.66,42.8,75,75,18.34
Manono,CD,1569358623,-7.3,27.4,75.55,63,92,0.36
Tawang,BT,1569358623,27.59,91.87,50.71,95,74,2.42
Dauphin,CA,1569358623,51.15,-100.04,60.8,63,75,16.11
Mbanza-Ngungu,CD,1569358624,-5.25,14.87,78.97,65,3,9.73
Cienaga,CO,1569358624,11.01,-74.25,89.6,74,40,4.7
Dingle,PH,1569358624,11,122.67,73.75,94,5,4.29
College,US,1569358624,64.86,-147.8,42.01,57,40,1.54
Mao,DO,1569358503,19.55,-71.08,84.2,94,90,12.75
La Romana,DO,1569358625,18.43,-68.97,87.8,70,75,13.87
Prince Rupert,CA,1569358625,54.32,-130.32,55.4,93,90,5.82
Nsanje,MZ,1569358625,-16.92,35.26,71.59,74,0,10.56
San Clemente,US,1569358535,33.43,-117.61,98.6,33,1,11.41
Longyearbyen,NO,1569358626,78.22,15.63,35.6,93,75,8.05
Bilma,NE,1569358626,18.69,12.92,88.33,11,0,4.83
Maba,CN,1569358626,24.68,113.59,61.51,72,69,1.36
Wagga Wagga,AU,1569358626,-35.12,147.37,37,100,0,4.7
Mount Pleasant,US,1569358626,33.16,-94.97,93.99,49,40,10.29
Christchurch,NZ,1569358627,-43.53,172.64,57,87,0,4.7
Saint-Augustin,CA,1569358627,45.63,-73.98,62.01,67,90,9.17
Erenhot,CN,1569358627,43.65,111.97,63.31,23,0,7.4
Floriano,BR,1569358628,-6.77,-43.02,91.03,30,98,4.79
Ust-Omchug,RU,1569358628,61.13,149.63,20.83,85,100,11.72
Mundo Nuevo,CL,1569358628,-32.72,-71.41,57.2,76,20,10.29
Belyy Yar,RU,1569358628,53.6,91.39,46.4,87,0,2.68
Abulug,PH,1569358629,18.45,121.45,71.77,92,51,3.74
Tilichiki,RU,1569358629,60.47,166.1,33.25,94,100,10.51
Aranos,NA,1569358630,-24.14,19.11,58.63,15,0,12.95
Newark,US,1569358630,40.74,-74.17,78.8,36,40,13.87
Lulea,SE,1569358630,65.58,22.15,39.2,86,0,3.36
Waingapu,ID,1569358631,-9.65,120.26,71.23,92,73,9.8
Bundaberg,AU,1569358631,-24.87,152.35,66.99,93,75,6.93
Cloquet,US,1569358631,46.72,-92.46,73.99,56,1,5.75
Sangar,RU,1569358632,63.92,127.47,31.45,93,100,4.16
Derzhavinsk,KZ,1569358632,51.1,66.31,41.35,54,34,8.03
Phan Thiet,VN,1569358632,10.93,108.1,71.95,93,21,2.37
Waipawa,NZ,1569358633,-39.94,176.59,50,77,29,18.99
Clonakilty,IE,1569358633,51.62,-8.87,57.2,100,75,13.87
Coari,BR,1569358633,-4.09,-63.14,92.11,48,100,2.68
Saldanha,PT,1569358634,41.42,-6.55,59.17,79,0,7.05
Varena,LT,1569358634,54.21,24.57,39.2,69,0,2.24
Safranbolu,TR,1569358634,41.25,32.69,61.33,51,98,1.99
Vandalur,IN,1569358635,12.89,80.08,82.4,88,40,5.82
Tommot,RU,1569358635,58.97,126.27,30.55,89,100,0.92
Hami,CN,1569358635,42.84,93.51,66.37,15,0,3.4
Lere,TD,1569358636,9.66,14.23,77.53,86,98,4.03
Marzuq,YE,1569358636,14.4,46.47,75.01,28,4,1.48
Cobh,IE,1569358636,51.85,-8.29,59,100,75,13.87
Hermiston,US,1569358636,45.84,-119.29,82,36,1,24.16
Verkhnyaya Tishanka,RU,1569358637,51.32,40.54,39.91,59,99,3.8
Noumea,NC,1569358637,-22.28,166.46,72,72,0,15.35
Port Augusta,AU,1569358637,-32.49,137.76,46.99,93,0,5.82
Fukue,JP,1569358638,35.03,136.69,73.4,64,20,18.34
Ashland,US,1569358582,38.48,-82.64,81,31,1,4.7
Peniche,PT,1569358638,39.36,-9.38,64.99,89,0,4
Abu Samrah,SY,1569358638,35.3,37.18,64.75,66,0,4.12
Peterhead,AU,1569358499,-34.83,138.5,46.99,100,20,3.87
Salinopolis,BR,1569358638,-0.61,-47.36,81.13,80,0,18.45
Grinnell,US,1569358634,41.74,-92.72,84.2,61,40,16.11
Nago,IT,1569358639,45.88,10.89,64.99,87,0,3.36
Lyngseidet,NO,1569358639,69.58,20.21,42.8,56,75,11.41
Ekhabi,RU,1569358640,53.51,142.97,47.29,73,100,39.03
Leningradskiy,RU,1569358640,69.38,178.42,34.69,97,100,11.27
Lasa,CY,1569358640,34.92,32.53,73.4,77,20,8.05
Dongli,CN,1569358641,24.18,117.61,71.6,68,0,4.47
Veraval,FR,1569358641,49.65,0.71,60.01,93,74,13.87
Havelock,US,1569358502,34.88,-76.9,88,48,20,6.93
Tairua,NZ,1569358641,-37.02,175.85,55.99,71,0,21
Ossora,RU,1569358642,59.24,163.07,44.95,94,100,12.88
Dongling,CN,1569358642,32.28,121.37,72,72,100,1.63
Tigil,RU,1569358642,57.8,158.67,46.39,69,100,13.67
La Paz,MX,1569358517,24.15,-110.32,89.6,35,5,5.82
Santa Quiteria do Maranhao,BR,1569358643,-3.52,-42.55,79.69,67,87,5.77
Velikiy Ustyug,RU,1569358643,60.76,46.3,34.87,95,98,6.69
Lavrentiya,RU,1569358643,65.58,-170.99,33.61,70,0,6.49
Turayf,SA,1569358644,31.68,38.65,77,22,0,8.05
Chekhov,RU,1569358644,55.14,37.45,41,80,0,6.71
Ucluelet,CA,1569358485,48.94,-125.55,69.01,77,40,10.29
Makubetsu,JP,1569358644,42.84,143.34,47.47,75,0,7.05
Angoche,MZ,1569358645,-16.23,39.91,73.21,87,0,6.31
Kudahuvadhoo,MV,1569358645,2.67,72.89,80.23,75,100,8.59
Kununurra,AU,1569358646,-15.77,128.74,75.2,23,40,11.41
Kokopo,PG,1569358646,-4.34,152.27,72.85,91,100,1.95
Gat,SN,1569358646,14.69,-16.54,80.6,88,23,3.36
Ixtapa,MX,1569358646,20.71,-105.21,89.6,75,40,12.75
Bud,NO,1569358647,62.91,6.91,53.6,93,20,8.05
Solnechnyy,RU,1569358647,50.72,136.64,37.57,74,27,10.18
Batemans Bay,AU,1569358647,-35.71,150.18,46,86,99,4
Marawi,PH,1569358647,8,124.29,73.99,82,45,5.99
Catemaco,MX,1569358648,18.42,-95.11,89.6,62,75,11.41
Idenao,CM,1569358648,4.25,9,78.8,88,75,8.05
Makat,KZ,1569358648,47.65,53.35,48.19,37,0,4.23
Taoudenni,ML,1569358361,22.68,-3.98,98.41,9,0,8.81
Sheridan,US,1569358649,39.65,-105.03,86,10,40,4.7
Lluta,PE,1569358649,-16.02,-72.01,69.8,16,0,9.17
Rio Hato,PA,1569358649,8.38,-80.16,84.2,74,40,6.93
Uncia,BO,1569358649,-18.47,-66.57,63.67,27,96,12.37
Hihya,EG,1569358650,30.67,31.59,75.2,69,0,10.29
Marsh Harbour,BS,1569358650,26.54,-77.06,78.61,74,98,12.37
Hastings,NZ,1569358650,-39.64,176.84,49.81,63,29,17.87
Timra,SE,1569358651,62.49,17.33,48,87,0,5.82
Grindavik,IS,1569358651,63.84,-22.43,53.6,100,75,12.75
Bintulu,MY,1569358364,3.17,113.03,78.8,100,75,1.12
Geraldton,CA,1569358651,49.72,-86.95,71.6,43,75,18.34
Tulum,MX,1569358652,20.21,-87.46,89.6,75,40,6.93
Khartoum,SD,1569358652,15.59,32.54,93.2,32,64,9.17
Paamiut,GL,1569358653,61.99,-49.67,40.81,86,100,30.91
Taybad,IR,1569358653,34.74,60.78,57.73,42,0,3.69
Shingu,JP,1569358653,33.72,135.99,56.83,94,6,5.84
Gobabis,NA,1569358654,-22.45,18.97,64.4,10,0,2.24
Nauta,PE,1569358654,-4.51,-73.58,73.21,97,100,5.7
Zenzeli,RU,1569358654,45.92,47.05,53.77,72,66,10.25
Aitape,PG,1569358655,-3.15,142.36,77.17,88,100,3.67
Araouane,ML,1569358655,18.9,-3.53,97.69,7,0,7.43
Hakkari,FI,1569358655,61.34,23.75,43,100,90,4.7
Port Hardy,CA,1569358655,50.7,-127.42,55.4,93,75,8.05
Acapulco,MX,1569358656,16.86,-99.88,84.2,79,90,3.36
Pimentel,BR,1569358656,-3.7,-45.5,84.73,58,26,3.69
Takab,IR,1569358656,36.4,47.11,41.17,60,0,1.16
Bridgewater,CA,1569358657,44.38,-64.52,64.99,90,100,8.95
Tonk,IN,1569358657,26.16,75.79,76.45,88,0,7.74
Papara,BR,1569358657,-3.98,-38.73,82.4,65,0,13.87
Hilton Head Island,US,1569358658,32.16,-80.75,93.2,38,1,3.36
Hailar,CN,1569358658,49.2,119.7,45.67,61,0,6.26
Yeniseysk,RU,1569358658,58.45,92.17,46.75,78,98,5.91
Guanica,PR,1569358658,17.97,-66.91,84,88,90,3.36
Coquimbo,CL,1569358659,-29.95,-71.34,57.2,67,20,13.87
Bloomfield,US,1569358397,40.75,-92.42,82.4,45,1,14.99
Cassilandia,BR,1569358659,-19.11,-51.73,88.33,31,55,10.02
Kijang,KR,1569358660,35.24,129.21,57.2,87,0,6.93
Ponta Delgada,PT,1569358660,37.73,-25.67,71.01,77,20,2.24
Huanren,CN,1569358661,41.26,125.37,45.49,90,33,1.72
Kloulklubed,PW,1569358661,7.04,134.26,82.39,76,0,10.02
Quibdo,CO,1569358432,5.69,-76.66,71.6,53,40,11.41
Itoman,JP,1569358662,26.12,127.67,77,83,20,5.82
Jalu,LY,1569358662,29.03,21.55,76.63,31,0,2.82
